{
  "clf_accuracy": 0.5095367847411444,
  "clf_precision": 0.5789473684210527,
  "clf_recall": 0.060109289617486336,
  "clf_f1": 0.10891089108910891,
  "clf_precision_macro": 0.5423472474289172,
  "clf_recall_macro": 0.5083155143739606,
  "clf_f1_macro": 0.38528251321372736,
  "clf_auc_roc": 0.5458244238536469,
  "clf_true_negatives": 176,
  "clf_false_positives": 8,
  "clf_false_negatives": 172,
  "clf_true_positives": 11,
  "ret_mae": 0.04661700041138799,
  "ret_mse": 0.0032306865186326524,
  "ret_rmse": 0.056839128411972084,
  "ret_mape": 632.5165314133153,
  "ret_r2": -1.3359435615312067,
  "ret_correlation": -0.03354995946325814,
  "directional_accuracy": 0.5095367847411444,
  "up_accuracy": 0.060109289617486336,
  "down_accuracy": 0.9565217391304348,
  "n_up_days": 183,
  "n_down_days": 184,
  "vol_mae": 0.15770507516588111,
  "vol_mse": 0.04367039187190619,
  "vol_rmse": 0.20897462016212923,
  "vol_mape": 25.03172536641506,
  "vol_r2": -0.7616986729362722,
  "vol_correlation": 0.10935084070626341,
  "backtest_total_return": -0.013032890856266022,
  "backtest_total_return_pct": -1.3032890558242798,
  "backtest_benchmark_return": 0.4374607801437378,
  "backtest_excess_return": -0.4504936635494232,
  "backtest_sharpe_ratio": 0.020940394641867796,
  "backtest_max_drawdown": -0.07248391792278107,
  "backtest_max_drawdown_pct": -7.248391792278107,
  "backtest_win_rate": 0.5789473684210527,
  "backtest_n_trades": 19,
  "backtest_final_capital": 98696.7109375
}