{
  "accuracy": 0.7913223140495868,
  "macro_f1": 0.7938753387533876,
  "per_class_f1": {
    "negative": 0.8133333333333334,
    "neutral": 0.8,
    "positive": 0.7682926829268293
  },
  "confusion_matrix": [
    [
      61,
      0,
      0
    ],
    [
      25,
      196,
      66
    ],
    [
      3,
      7,
      126
    ]
  ],
  "training_history": {
    "train_loss": [
      0.625
    ],
    "val_loss": [
      0.6660176645964384
    ],
    "val_acc": [
      0.762396694214876
    ],
    "val_f1": [
      0.7645473612330504
    ]
  },
  "config": {
    "dataset": "lmassaron/FinancialPhraseBank",
    "model": "ProsusAI/finbert",
    "epochs": 1,
    "batch_size": 16,
    "lr": 2e-05,
    "bert_lr": 1e-05,
    "max_seq_length": 128,
    "seed": 42
  }
}