{
  "epoch": 2,
  "metrics": {
    "train_direction_loss": 0.6949715783429701,
    "train_regression_loss": 0.002709139089152856,
    "train_volatility_loss": 0.05402880738066986,
    "train_sentiment_loss": 0.0,
    "train_total_loss": 0.7125347898450008,
    "val_clf_accuracy": 0.4659400544959128,
    "val_clf_precision": 0.0,
    "val_clf_recall": 0.0,
    "val_clf_f1": 0.0,
    "val_clf_precision_macro": 0.2329700272479564,
    "val_clf_recall_macro": 0.5,
    "val_clf_f1_macro": 0.31784386617100374,
    "val_clf_auc_roc": 0.45978040338942594,
    "val_clf_true_negatives": 171,
    "val_clf_false_positives": 0,
    "val_clf_false_negatives": 196,
    "val_clf_true_positives": 0,
    "val_ret_mae": 0.04510900449424561,
    "val_ret_mse": 0.0031667386932388913,
    "val_ret_rmse": 0.05627378335636312,
    "val_ret_mape": 402.17328078840796,
    "val_ret_r2": -1.0094242598280116,
    "val_ret_correlation": -0.0678504827509036,
    "val_directional_accuracy": 0.4659400544959128,
    "val_up_accuracy": 0.0,
    "val_down_accuracy": 1.0,
    "val_n_up_days": 196,
    "val_n_down_days": 171,
    "val_vol_mae": 0.18641105757097456,
    "val_vol_mse": 0.04982001411669664,
    "val_vol_rmse": 0.223203974240372,
    "val_vol_mape": 27.43196506176819,
    "val_vol_r2": -1.2708279734472914,
    "val_vol_correlation": 0.49428545750069824,
    "val_loss": 0.7113540172576904,
    "epoch": 2,
    "lr": 0.0
  },
  "tag": "epoch_002"
}